{"cameraMode":{"drawMode":0,"name":"Shaded","section":"Shading Mode"},"sceneLighting":false,"audioPlay":false,"sceneViewState":{"m_AlwaysRefresh":true,"showFog":true,"showSkybox":false,"showFlares":true,"showImageEffects":true,"showParticleSystems":true,"showVisualEffectGraphs":true,"m_FxEnabled":true},"in2DMode":false,"pivot":{"x":-0.017231464385986329,"y":0.5098109841346741,"z":-0.01747751235961914},"rotation":{"x":-0.44065460562705996,"y":0.18143510818481446,"z":-0.09143632650375366,"w":-0.8743852376937866},"size":11.133106231689454,"orthographic":false}