{"cameraMode":{"drawMode":0,"name":"Shaded","section":"Shading Mode"},"sceneLighting":false,"audioPlay":false,"sceneViewState":{"m_AlwaysRefresh":true,"showFog":true,"showSkybox":false,"showFlares":true,"showImageEffects":true,"showParticleSystems":true,"showVisualEffectGraphs":true,"m_FxEnabled":true},"in2DMode":false,"pivot":{"x":-0.017230749130249025,"y":0.49800068140029909,"z":-0.018683433532714845},"rotation":{"x":-0.44065460562705996,"y":0.18143510818481446,"z":-0.09143632650375366,"w":-0.8743852376937866},"size":9.077668190002442,"orthographic":false}