{"cameraMode":{"drawMode":0,"name":"Shaded","section":"Shading Mode"},"sceneLighting":true,"audioPlay":false,"sceneViewState":{"m_AlwaysRefresh":true,"showFog":true,"showSkybox":true,"showFlares":true,"showImageEffects":true,"showParticleSystems":true,"showVisualEffectGraphs":true,"m_FxEnabled":true},"in2DMode":false,"pivot":{"x":-148.42926025390626,"y":-248.30386352539063,"z":-36.79949951171875},"rotation":{"x":-0.44065460562705996,"y":0.18143510818481446,"z":-0.09143632650375366,"w":-0.8743852376937866},"size":451.06781005859377,"orthographic":false}