{"cameraMode":{"drawMode":0,"name":"Shaded","section":"Shading Mode"},"sceneLighting":false,"audioPlay":false,"sceneViewState":{"m_AlwaysRefresh":true,"showFog":true,"showSkybox":false,"showFlares":true,"showImageEffects":true,"showParticleSystems":true,"showVisualEffectGraphs":true,"m_FxEnabled":true},"in2DMode":false,"pivot":{"x":-2.6412086486816408,"y":-2.745164394378662,"z":-3.9883432388305666},"rotation":{"x":-0.21198385953903199,"y":0.6566381454467773,"z":-0.20011074841022492,"w":-0.6955943703651428},"size":0.25326207280158999,"orthographic":false}